Company,Symbol,GICS Sector,GICS Sub-Industry
10x Genomics,TXG,Health Care,Health Care Technology
3M,MMM,Industrials,Industrial Conglomerates
A. O. Smith,AOS,Industrials,Building Products
AAON,AAON,Industrials,Building Products
Abbott Laboratories,ABT,Health Care,Health Care Equipment
AbbVie,ABBV,Health Care,Pharmaceuticals
Acadia Healthcare,ACHC,Health Care,Health Care Facilities
Accenture,ACN,Information Technology,IT Consulting & Other Services
Acuity Brands,AYI,Industrials,Electrical Components & Equipment
Adobe Inc.,ADBE,Information Technology,Application Software
ADT Inc.,ADT,Consumer Discretionary,
Advance Auto Parts,AAP,Consumer Discretionary,Automotive Retail
Advanced Drainage Systems,WMS,Industrials,
Advanced Micro Devices,AMD,Information Technology,Semiconductors
AECOM,ACM,Industrials,Construction & Engineering
AES Corporation,AES,Utilities,Independent Power Producers & Energy Traders
Affiliated Managers Group,AMG,Financials,Asset Management & Custody Banks
Affirm Holdings,AFRM,Information Technology,
Aflac,AFL,Financials,Life & Health Insurance
AGCO,AGCO,Industrials,Agricultural & Farm Machinery
Agilent Technologies,A,Health Care,Health Care Equipment
Agree Realty,ADC,Real Estate,
AGNC Investment,AGNC,Financials,
Air Lease Corporation,AL,Industrials,
Air Products,APD,Materials,Industrial Gases
Airbnb,ABNB,Consumer Discretionary,"Hotels, Resorts & Cruise lines"
Akamai Technologies,AKAM,Information Technology,Internet Services & Infrastructure
Alaska Air Group,ALK,Industrials,Passenger Airlines
Albemarle Corporation,ALB,Materials,Specialty Chemicals
Albertsons,ACI,Consumer Staples,
Alcoa,AA,Materials,Aluminum
Alexandria Real Estate Equities,ARE,Real Estate,Office REITs
Align Technology,ALGN,Health Care,Health Care Supplies
Allegion,ALLE,Industrials,Building Products
Allegro MicroSystems,ALGM,Information Technology,
Alliant Energy,LNT,Utilities,Electric Utilities
Allison Transmission,ALSN,Industrials,
Allstate,ALL,Financials,Property & Casualty Insurance
Ally Financial,ALLY,Financials,
Alnylam Pharmaceuticals,ALNY,Health Care,
Alphabet (Class A),GOOGL,Communication Services,Interactive Media & Services
Alphabet (Class C),GOOG,Communication Services,Interactive Media & Services
Altria,MO,Consumer Staples,Tobacco
Amazon,AMZN,Consumer Discretionary,Broadline Retail
Amcor,AMCR,Materials,Paper & Plastic Packaging Products & Materials
Amdocs,DOX,Information Technology,
Amedisys,AMED,Health Care,Health Care Services
Amer Sports,AS,Consumer Discretionary,Leisure Products
Ameren,AEE,Utilities,Multi-Utilities
American Airlines Group,AAL,Industrials,Passenger Airlines
American Electric Power,AEP,Utilities,Electric Utilities
American Express,AXP,Financials,Consumer Finance
American Financial Group,AFG,Financials,Multi-line Insurance
American Homes 4 Rent,AMH,Real Estate,
American International Group,AIG,Financials,Property & Casualty Insurance
American Tower,AMT,Real Estate,Telecom Tower REITs
American Water Works,AWK,Utilities,Water Utilities
Americold,COLD,Real Estate,
Ameriprise Financial,AMP,Financials,Asset Management & Custody Banks
Ametek,AME,Industrials,Electrical Components & Equipment
Amgen,AMGN,Health Care,Biotechnology
Amkor Technology,AMKR,Information Technology,Semiconductors
Amphenol,APH,Information Technology,Electronic Components
Analog Devices,ADI,Information Technology,Semiconductors
Annaly Capital Management,NLY,Financials,
Ansys,ANSS,Information Technology,Application Software
Antero Midstream,AM,Energy,
Antero Resources,AR,Energy,
AON,AON,Financials,Insurance Brokers
APA Corporation,APA,Energy,Oil & Gas Exploration & Production
APi Group,APG,Industrials,Construction & Engineering
Apellis Pharmaceuticals,APLS,Health Care,Biotechnology
Apollo Global Management,APO,Financials,
AppFolio,APPF,Information Technology,Application Software
Apple Inc.,AAPL,Information Technology,"Technology Hardware, Storage & Peripherals"
Applied Materials,AMAT,Information Technology,Semiconductor Materials & Equipment
AppLovin,APP,Information Technology,
AptarGroup,ATR,Materials,"Metal, Glass & Plastic Containers"
Aptiv,APTV,Consumer Discretionary,Automotive Parts & Equipment
Aramark,ARMK,Consumer Discretionary,
Arch Capital Group,ACGL,Financials,Reinsurance
Archer Daniels Midland,ADM,Consumer Staples,Agricultural Products & Services
Ares Management,ARES,Financials,
Arista Networks,ANET,Information Technology,Communications Equipment
Armstrong World Industries,AWI,Industrials,
Arrow Electronics,ARW,Information Technology,Technology Distributors
Arthur J. Gallagher & Co.,AJG,Financials,Insurance Brokers
Ashland Global,ASH,Materials,Diversified Chemicals
Aspen Technology,AZPN,Information Technology,Application Software
Assurant,AIZ,Financials,Multi-line Insurance
Assured Guaranty,AGO,Financials,
Astera Labs,ALAB,Information Technology,Semiconductors
AT&T,T,Communication Services,Integrated Telecommunication Services
ATI Inc.,ATI,Materials,Steel
Atlassian,TEAM,Information Technology,Application Software
Atmos Energy,ATO,Utilities,Gas Utilities
Autodesk,ADSK,Information Technology,Application Software
Automatic Data Processing,ADP,Industrials,Human Resource & Employment Services
AutoNation,AN,Consumer Discretionary,Automotive Retail
AutoZone,AZO,Consumer Discretionary,Automotive Retail
AvalonBay Communities,AVB,Real Estate,Residential REITs
Avangrid,AGR,Utilities,
Avantor,AVTR,Health Care,
Avery Dennison,AVY,Materials,Paper & Plastic Packaging Products & Materials
Avis Budget Group,CAR,Industrials,Passenger Ground Transportation
Avnet,AVT,Information Technology,Technology Distributors
Axalta,AXTA,Materials,
AXIS Capital,AXS,Financials,
Axon Enterprise,AXON,Industrials,Aerospace & Defense
Azek,AZEK,Industrials,
Azenta,AZTA,Health Care,Life Sciences Tools & Services
Baker Hughes,BKR,Energy,Oil & Gas Equipment & Services
Ball Corporation,BALL,Materials,"Metal, Glass & Plastic Containers"
Bank of America,BAC,Financials,Diversified Banks
Bank OZK,OZK,Financials,Regional Banks
"Bath & Body Works, Inc.",BBWI,Consumer Discretionary,Other Specialty Retail
Baxter International,BAX,Health Care,Health Care Equipment
Becton Dickinson,BDX,Health Care,Health Care Equipment
BellRing Brands,BRBR,Consumer Staples,Packaged Foods & Meats
Bentley Systems,BSY,Information Technology,
Berkshire Hathaway,BRK.B,Financials,Multi-Sector Holdings
Berry Global,BERY,Materials,
Best Buy,BBY,Consumer Discretionary,Computer & Electronics Retail
Bill.com,BILL,Information Technology,
Bio-Rad Laboratories,BIO,Health Care,Life Sciences Tools & Services
Bio-Techne,TECH,Health Care,Life Sciences Tools & Services
Biogen,BIIB,Health Care,Biotechnology
BioMarin Pharmaceutical,BMRN,Health Care,
Birkenstock,BIRK,Consumer Discretionary,Footwear
BJ's Wholesale Club,BJ,Consumer Staples,Hypermarkets & Super Centers
BlackRock,BLK,Financials,Asset Management & Custody Banks
Blackstone Inc.,BX,Financials,Asset Management & Custody Banks
H&R Block,HRB,Consumer Discretionary,Specialized Consumer Services
"Block, Inc.",SQ,Financials,Transaction & Payment Processing Services
Blue Owl Capital,OWL,Financials,
BNY Mellon,BK,Financials,Asset Management & Custody Banks
Boeing,BA,Industrials,Aerospace & Defense
BOK Financial Corporation,BOKF,Financials,
Booking Holdings,BKNG,Consumer Discretionary,
Booz Allen Hamilton,BAH,Industrials,
BorgWarner,BWA,Consumer Discretionary,Automotive Parts & Equipment
Boston Beer Company,SAM,Consumer Staples,Brewers
Boston Scientific,BSX,Health Care,Health Care Equipment
Boyd Gaming,BYD,Consumer Discretionary,Casinos & Gaming
Bright Horizons,BFAM,Consumer Discretionary,
Brighthouse Financial,BHF,Financials,Life & Health Insurance
Bristol Myers Squibb,BMY,Health Care,Health Care Distributors
Brixmor Property Group,BRX,Real Estate,Retail REITs
Broadcom,AVGO,Information Technology,Semiconductors
Broadridge Financial Solutions,BR,Industrials,Data Processing & Outsourced Services
Brookfield Renewable Partners,BEPC,Utilities,
Brown & Brown,BRO,Financials,Insurance Brokers
Brown–Forman (Class A),BF.A,Consumer Staples,Distillers & Vintners
Brown–Forman (Class B),BF.B,Consumer Staples,Distillers & Vintners
Bruker,BRKR,Health Care,Health Care Equipment
Brunswick Corporation,BC,Consumer Discretionary,Leisure Products
Builders FirstSource,BLDR,Industrials,Building Products
Bunge Global,BG,Consumer Staples,Agricultural Products & Services
Burlington,BURL,Consumer Discretionary,
BWX Technologies,BWXT,Industrials,
"BXP, Inc.",BXP,Real Estate,Office REITs
C.H. Robinson,CHRW,Industrials,Air Freight & Logistics
CACI,CACI,Industrials,Diversified Support Services
Cadence Design Systems,CDNS,Information Technology,Application Software
Caesars Entertainment,CZR,Consumer Discretionary,Casinos & Gaming
Camden Property Trust,CPT,Real Estate,Residential REITs
Campbell Soup Company,CPB,Consumer Staples,Packaged Foods & Meats
Capital One,COF,Financials,Consumer Finance
Capri Holdings,CPRI,Consumer Discretionary,"Apparel, Accessories & Luxury Goods"
Cardinal Health,CAH,Health Care,Health Care Distributors
Carlisle Companies,CSL,Industrials,Industrial Conglomerates
Carlyle Group (The),CG,Financials,
CarMax,KMX,Consumer Discretionary,Automotive Retail
Carnival,CCL,Consumer Discretionary,"Hotels, Resorts & Cruise Lines"
Carrier Global,CARR,Industrials,Building Products
Carter's,CRI,Consumer Discretionary,"Apparel, Accessories & Luxury Goods"
Carvana,CVNA,Consumer Discretionary,Automotive Retail
Casey's,CASY,Consumer Staples,Food Retail
Catalent,CTLT,Health Care,Pharmaceuticals
Caterpillar Inc.,CAT,Industrials,Construction Machinery & Heavy Transportation Equipment
Cava Group,CAVA,Consumer Discretionary,Restaurants
Cboe Global Markets,CBOE,Financials,Financial Exchanges & Data
CBRE Group,CBRE,Real Estate,Real Estate Services
CCC Intelligent Solutions,CCCS,Information Technology,
CDW,CDW,Information Technology,Technology Distributors
Celanese,CE,Materials,Specialty Chemicals
Celsius Holdings,CELH,Consumer Staples,Soft Drinks & Non-alcoholic Beverages
Cencora,COR,Health Care,Health Care Distributors
Centene,CNC,Health Care,Managed Health Care
Centerpoint Energy,CNP,Utilities,Multi-Utilities
"Certara, Inc.",CERT,Health Care,
CF Industries,CF,Materials,Fertilizers & Agricultural Chemicals
Charles River Laboratories,CRL,Health Care,Life Sciences Tools & Services
Charles Schwab Corporation,SCHW,Financials,Investment Banking & Brokerage
Charter Communications,CHTR,Communication Services,Cable & Satellite
Chemed Corporation,CHE,Health Care,Health Care Services
Chemours,CC,Materials,Diversified Chemicals
Cheniere,LNG,Energy,
Chesapeake Energy,CHK,Energy,
Chevron Corporation,CVX,Energy,Integrated Oil & Gas
Chipotle Mexican Grill,CMG,Consumer Discretionary,Restaurants
Choice Hotels,CHH,Consumer Discretionary,"Hotels, Resorts & Cruise Lines"
Chord Energy,CHRD,Energy,Oil & Gas Exploration & Production
Chubb Limited,CB,Financials,Property & Casualty Insurance
Church & Dwight,CHD,Consumer Staples,Household Products
Churchill Downs Incorporated,CHDN,Consumer Discretionary,Casinos & Gaming
Ciena,CIEN,Information Technology,Communications Equipment
Cigna,CI,Health Care,Managed Health Care
Cincinnati Financial,CINF,Financials,Property & Casualty Insurance
Cintas,CTAS,Industrials,Diversified Support Services
Cirrus Logic,CRUS,Information Technology,Semiconductors
Cisco,CSCO,Information Technology,Communications Equipment
Citigroup,C,Financials,Diversified Banks
Citizens Financial Group,CFG,Financials,Regional Banks
Civitas Resources,CIVI,Energy,Oil & Gas Exploration & Production
Clarivate,CLVT,Industrials,
Clean Harbors,CLH,Industrials,Environmental & Facilities Services
Clearway Energy (Class A),CWEN.A,Utilities,
Clearway Energy (Class C),CWEN,Utilities,
Cleveland-Cliffs,CLF,Materials,Steel
Clorox,CLX,Consumer Staples,Household Products
Cloudflare,NET,Information Technology,
CME Group,CME,Financials,Financial Exchanges & Data
CMS Energy,CMS,Utilities,Multi-Utilities
CNA Financial,CNA,Financials,
CNH Industrial,CNH,Industrials,
Coca-Cola Company (The),KO,Consumer Staples,Soft Drinks & Non-alcoholic Beverages
Coca-Cola Consolidated,COKE,Consumer Staples,Soft Drinks & Non-alcoholic Beverages
Cognex Corporation,CGNX,Information Technology,Electronic Equipment & Instruments
Cognizant,CTSH,Information Technology,IT Consulting & Other Services
Coherent Corp.,COHR,Information Technology,Electronic Components
Coinbase,COIN,Financials,
Colgate-Palmolive,CL,Consumer Staples,Household Products
Columbia Banking System,COLB,Financials,Regional Banks
Columbia Sportswear,COLM,Consumer Discretionary,"Apparel, Accessories & Luxury Goods"
Comcast,CMCSA,Communication Services,Cable & Satellite
Comerica,CMA,Financials,Diversified Banks
Comfort Systems USA,FIX,Industrials,Construction & Engineering
Commerce Bancshares,CBSH,Financials,Regional Banks
Conagra Brands,CAG,Consumer Staples,Packaged Foods & Meats
Concentrix,CNXC,Information Technology,Data Processing & Outsourced Services
"Confluent, Inc.",CFLT,Information Technology,
ConocoPhillips,COP,Energy,Oil & Gas Exploration & Production
Consolidated Edison,ED,Utilities,Electric Utilities
Constellation Brands,STZ,Consumer Staples,Distillers & Vintners
Constellation Energy,CEG,Utilities,Multi-Utilities
Cooper Companies (The),COO,Health Care,Health Care Supplies
Copart,CPRT,Industrials,Diversified Support Services
Core & Main,CNM,Industrials,
Corning Inc.,GLW,Information Technology,Electronic Components
Corpay,CPAY,Financials,Transaction & Payment Processing Services
Corteva,CTVA,Materials,Fertilizers & Agricultural Chemicals
CoStar Group,CSGP,Industrials,
Costco,COST,Consumer Staples,Consumer Staples Merchandise Retail
Coterra,CTRA,Energy,Oil & Gas Exploration & Production
Coty,COTY,Consumer Staples,Personal Care Products
Coupang,CPNG,Consumer Discretionary,
Cousins Properties,CUZ,Real Estate,Office REITs
Crane,CR,Industrials,Industrial Machinery & Supplies & Components
Crane NXT,CXT,Industrials,Industrial Machinery & Supplies & Components
Credit Acceptance,CACC,Financials,
CRH plc,CRH,Materials,Construction Materials
Crocs,CROX,Consumer Discretionary,Footwear
CrowdStrike,CRWD,Information Technology,Application Software
Crown Castle,CCI,Real Estate,Telecom Tower REITs
Crown Holdings,CCK,Materials,
CSX Corporation,CSX,Industrials,Rail Transportation
CubeSmart,CUBE,Real Estate,
Cummins,CMI,Industrials,Industrial Machinery & Supplies & Components
Curtiss-Wright,CW,Industrials,Aerospace & Defense
CVS Health,CVS,Health Care,Health Care Services
D.R. Horton,DHI,Consumer Discretionary,Homebuilding
Danaher Corporation,DHR,Health Care,Life Sciences Tools & Services
Darden Restaurants,DRI,Consumer Discretionary,Restaurants
Darling Ingredients,DAR,Consumer Staples,
Datadog,DDOG,Information Technology,Application Software
DaVita,DVA,Health Care,Health Care Facilities
Dayforce,DAY,Industrials,Human Resource & Employment Services
Deckers Brands,DECK,Consumer Discretionary,Footwear
Deere & Company,DE,Industrials,Agricultural & Farm Machinery
Delta Air Lines,DAL,Industrials,Passenger Airlines
Dell Technologies,DELL,Information Technology,"Technology Hardware, Storage & Peripherals"
Dentsply Sirona,XRAY,Health Care,Health Care Supplies
Devon Energy,DVN,Energy,Oil & Gas Exploration & Production
Dexcom,DXCM,Health Care,Health Care Equipment
Diamondback Energy,FANG,Energy,Oil & Gas Exploration & Production
Dick's Sporting Goods,DKS,Consumer Discretionary,Other Specialty Retail
Digital Realty,DLR,Real Estate,Data Center REITs
Dillard's,DDS,Consumer Discretionary,Broadline Retail
Discover Financial,DFS,Financials,Consumer Finance
Disney,DIS,Communication Services,Movies & Entertainment
DocuSign,DOCU,Information Technology,Application Software
Dolby Laboratories,DLB,Information Technology,
Dollar General,DG,Consumer Staples,Consumer Staples Merchandise Retail
Dollar Tree,DLTR,Consumer Staples,Consumer Staples Merchandise Retail
Dominion Energy,D,Utilities,Electric Utilities
Domino's,DPZ,Consumer Discretionary,Restaurants
Donaldson,DCI,Industrials,Industrial Machinery & Supplies & Components
DoorDash,DASH,Consumer Discretionary,
DoubleVerify,DV,Information Technology,
Dover Corporation,DOV,Industrials,Industrial Machinery & Supplies & Components
Dow Inc.,DOW,Materials,Commodity Chemicals
Doximity,DOCS,Health Care,
DraftKings,DKNG,Consumer Discretionary,
Dropbox,DBX,Information Technology,
DT Midstream,DTM,Energy,
DTE Energy,DTE,Utilities,Multi-Utilities
Duke Energy,DUK,Utilities,Electric Utilities
Dun & Bradstreet,DNB,Industrials,
Duolingo,DUOL,Consumer Discretionary,Education Services
DuPont,DD,Materials,Specialty Chemicals
Dutch Bros. Coffee,BROS,Consumer Discretionary,Restaurants
DXC Technology,DXC,Information Technology,IT Consulting & Other Services
Dynatrace,DT,Information Technology,
e.l.f. Beauty,ELF,Consumer Staples,Personal Care Products
Eagle Materials,EXP,Materials,Construction Materials
East West Bancorp,EWBC,Financials,Regional Banks
EastGroup Properties,EGP,Real Estate,
Eastman Chemical Company,EMN,Materials,Diversified Chemicals
Eaton Corporation,ETN,Industrials,Electrical Components & Equipment
eBay,EBAY,Consumer Discretionary,
Ecolab,ECL,Materials,Specialty Chemicals
Edison International,EIX,Utilities,Electric Utilities
Edwards Lifesciences,EW,Health Care,Health Care Equipment
Elanco,ELAN,Health Care,
Elastic,ESTC,Information Technology,
Electronic Arts,EA,Communication Services,Interactive Home Entertainment
Element Solutions,ESI,Materials,
Elevance Health,ELV,Health Care,Managed Health Care
Emcor,EME,Industrials,Construction & Engineering
Emerson Electric,EMR,Industrials,Electrical Components & Equipment
Encompass Health,EHC,Health Care,Health Care Facilities
Enovis,ENOV,Health Care,Health Care Equipment
Enphase Energy,ENPH,Information Technology,Electronic Components
Entegris,ENTG,Information Technology,
Entergy,ETR,Utilities,Electric Utilities
Envista,NVST,Health Care,Health Care Supplies
EOG Resources,EOG,Energy,Oil & Gas Exploration & Production
EPAM Systems,EPAM,Information Technology,IT Consulting & Other Services
EPR Properties,EPR,Real Estate,Other Specialized REITs
EQT Corporation,EQT,Energy,Oil & Gas Exploration & Production
Equifax,EFX,Industrials,Research & Consulting Services
Equinix,EQIX,Real Estate,Data Center REITs
Equitable Holdings,EQH,Financials,
Equity Lifestyle Properties,ELS,Real Estate,
Equity Residential,EQR,Real Estate,Residential REITs
ESAB,ESAB,Industrials,Industrial Machinery & Supplies & Components
Essential Utilities,WTRG,Utilities,Water Utilities
Essex Property Trust,ESS,Real Estate,Residential REITs
Estée Lauder Companies (The),EL,Consumer Staples,Personal Care Products
Etsy,ETSY,Consumer Discretionary,
Euronet Worldwide,EEFT,Financials,Transaction & Payment Processing Services
Evercore,EVR,Financials,Investment Banking & Brokerage
Everest Group,EG,Financials,Reinsurance
Evergy,EVRG,Utilities,Electric Utilities
Eversource Energy,ES,Utilities,Multi-Utilities
Exact Sciences,EXAS,Health Care,
Exelixis,EXEL,Health Care,Biotechnology
Exelon,EXC,Utilities,Multi-Utilities
Expedia Group,EXPE,Consumer Discretionary,
Expeditors International,EXPD,Industrials,Air Freight & Logistics
Extra Space Storage,EXR,Real Estate,Self-Storage REITs
ExxonMobil,XOM,Energy,Integrated Oil & Gas
F5,FFIV,Information Technology,Communications Equipment
FactSet,FDS,Financials,Financial Exchanges & Data
Fair Isaac,FICO,Information Technology,Application Software
Fastenal,FAST,Industrials,Building Products
Federal Realty Investment Trust,FRT,Real Estate,Retail REITs
FedEx,FDX,Industrials,Air Freight & Logistics
Ferguson plc,FERG,Industrials,Industrial Machinery & Supplies & Components
Fidelity National Financial,FNF,Financials,
Fidelity National Information Services,FIS,Financials,Transaction & Payment Processing Services
Fifth Third Bank,FITB,Financials,Regional Banks
First American,FAF,Financials,Property & Casualty Insurance
First Citizens BancShares,FCNCA,Financials,
First Hawaiian Bank,FHB,Financials,Regional Banks
First Horizon,FHN,Financials,Regional Banks
First Industrial Realty Trust,FR,Real Estate,
First Solar,FSLR,Information Technology,Semiconductors
FirstEnergy,FE,Utilities,Electric Utilities
Fiserv,FI,Financials,Transaction & Payment Processing Services
Five Below,FIVE,Consumer Discretionary,Other Specialty Retail
Five9,FIVN,Information Technology,
Floor & Decor,FND,Consumer Discretionary,Home Improvement Retail
Flowers Foods,FLO,Consumer Staples,Packaged Foods & Meats
Flowserve,FLS,Industrials,Industrial Machinery & Supplies & Components
FMC Corporation,FMC,Materials,Fertilizers & Agricultural Chemicals
FNB Corporation,FNB,Financials,Regional Banks
Ford Motor Company,F,Consumer Discretionary,Automobile Manufacturers
Fortinet,FTNT,Information Technology,Systems Software
Fortive,FTV,Industrials,Industrial Machinery & Supplies & Components
Fortrea,FTRE,Health Care,
Fortune Brands Innovations,FBIN,Industrials,Building Products
Fox Corporation (Class A),FOXA,Communication Services,Movies & Entertainment
Fox Corporation (Class B),FOX,Communication Services,Movies & Entertainment
Franklin Templeton Investments,BEN,Financials,Asset Management & Custody Banks
Freeport-McMoRan,FCX,Materials,Copper
Freshpet,FRPT,Consumer Staples,
Frontier Communications,FYBR,Communication Services,
Frost Bank,CFR,Financials,Regional Banks
FTI Consulting,FCN,Industrials,Research & Consulting Services
GameStop,GME,Consumer Discretionary,Computer & Electronics Retail
Gaming and Leisure Properties,GLPI,Real Estate,
Gap Inc.,GAP,Consumer Discretionary,Apparel Retail
Garmin,GRMN,Consumer Discretionary,Consumer Electronics
Gartner,IT,Information Technology,IT Consulting & Other Services
Gates,GTES,Industrials,
GE Aerospace,GE,Industrials,Aerospace & Defense
GE HealthCare,GEHC,Health Care,Health Care Equipment
GE Vernova,GEV,Industrials,Industrial Machinery & Supplies & Components
Gen Digital,GEN,Information Technology,Application Software
Generac,GNRC,Industrials,Electrical Components & Equipment
General Dynamics,GD,Industrials,Aerospace & Defense
General Mills,GIS,Consumer Staples,Packaged Foods & Meats
General Motors,GM,Consumer Discretionary,Automobile Manufacturers
Genpact,G,Information Technology,IT Consulting & Other Services
Gentex,GNTX,Consumer Discretionary,Automotive Parts & Equipment
Genuine Parts Company,GPC,Consumer Discretionary,Automotive Parts & Equipment
Gilead Sciences,GILD,Health Care,Biotechnology
GitLab,GTLB,Information Technology,
Global Payments,GPN,Financials,Transaction & Payment Processing Services
GlobalFoundries,GFS,Information Technology,
Globant,GLOB,Information Technology,
Globe Life,GL,Financials,Life & Health Insurance
Globus Medical,GMED,Health Care,Health Care Equipment
GoDaddy,GDDY,Information Technology,
Goldman Sachs,GS,Financials,Investment Banking & Brokerage
Graco,GGG,Industrials,Industrial Machinery & Supplies & Components
"Grail, Inc.",GRAL,Health Care,Health Care Services
Grainger,GWW,Industrials,Industrial Machinery & Supplies & Components
Grand Canyon Education,LOPE,Consumer Discretionary,Education Services
Graphic Packaging,GPK,Materials,
Grocery Outlet,GO,Consumer Staples,Food Retail
Guidewire,GWRE,Information Technology,
GXO Logistics,GXO,Industrials,Air Freight & Logistics
Halliburton,HAL,Energy,Oil & Gas Equipment & Services
Hanover Insurance,THG,Financials,Property & Casualty Insurance
Harley-Davidson,HOG,Consumer Discretionary,Motorcycle Manufacturers
Hartford (The),HIG,Financials,Property & Casualty Insurance
Hasbro,HAS,Consumer Discretionary,Leisure Products
HashiCorp,HCP,Information Technology,
Hayward,HAYW,Industrials,
HCA Healthcare,HCA,Health Care,Health Care Facilities
Healthcare Realty Trust,HR,Real Estate,
Healthpeak Properties,DOC,Real Estate,Health Care REITs
HEICO (Class A),HEI.A,Industrials,Aerospace & Defense
HEICO (Common),HEI,Industrials,Aerospace & Defense
Jack Henry & Associates,JKHY,Financials,Transaction & Payment Processing Services
Hershey Company (The),HSY,Consumer Staples,Packaged Foods & Meats
Hess Corporation,HES,Energy,Integrated Oil & Gas
Hewlett Packard Enterprise,HPE,Information Technology,"Technology Hardware, Storage & Peripherals"
Hexcel,HXL,Industrials,Aerospace & Defense
HF Sinclair,DINO,Energy,Oil & Gas Refining & Marketing
Highwoods Properties,HIW,Real Estate,
Hilton Worldwide,HLT,Consumer Discretionary,"Hotels, Resorts & Cruise Lines"
Hologic,HOLX,Health Care,Health Care Equipment
Home Depot (The),HD,Consumer Discretionary,Home Improvement Retail
Honeywell,HON,Industrials,Industrial Conglomerates
Hormel Foods,HRL,Consumer Staples,Packaged Foods & Meats
Host Hotels & Resorts,HST,Real Estate,Hotel & Resort REITs
Houlihan Lokey,HLI,Financials,
Howard Hughes Holdings,HHH,Real Estate,
Howmet Aerospace,HWM,Industrials,Aerospace & Defense
HP Inc.,HPQ,Information Technology,"Technology Hardware, Storage & Peripherals"
Hubbell Incorporated,HUBB,Industrials,Industrial Machinery & Supplies & Components
HubSpot,HUBS,Information Technology,
Humana,HUM,Health Care,Managed Health Care
Huntington Bancshares,HBAN,Financials,Regional Banks
Huntington Ingalls Industries,HII,Industrials,Aerospace & Defense
Huntsman Corporation,HUN,Materials,
Hyatt Hotels,H,Consumer Discretionary,
IAC Inc.,IAC,Communication Services,
IBM,IBM,Information Technology,IT Consulting & Other Services
Idacorp,IDA,Utilities,Electric Utilities
IDEX Corporation,IEX,Industrials,Industrial Machinery & Supplies & Components
Idexx Laboratories,IDXX,Health Care,Health Care Equipment
Illinois Tool Works,ITW,Industrials,Industrial Machinery & Supplies & Components
"Illumina, Inc.",ILMN,Health Care,Life Sciences Tools & Services
Incyte,INCY,Health Care,Biotechnology
Informatica,INFA,Information Technology,
Ingersoll Rand,IR,Industrials,Industrial Machinery & Supplies & Components
Ingredion,INGR,Consumer Staples,Agricultural Products & Services
Inspire Medical Systems,INSP,Health Care,
Insulet,PODD,Health Care,
Intel,INTC,Information Technology,Semiconductors
Interactive Brokers,IBKR,Financials,Investment Banking & Brokerage
Intercontinental Exchange,ICE,Financials,Financial Exchanges & Data
International Flavors & Fragrances,IFF,Materials,Specialty Chemicals
International Paper,IP,Materials,Paper & Plastic Packaging Products & Materials
Interpublic Group of Companies (The),IPG,Communication Services,Advertising
Intra-Cellular Therapies,ITCI,Health Care,Pharmaceuticals
Intuit,INTU,Information Technology,Application Software
Intuitive Surgical,ISRG,Health Care,Health Care Equipment
Invesco,IVZ,Financials,Asset Management & Custody Banks
Invitation Homes,INVH,Real Estate,
Ionis Pharmaceuticals,IONS,Health Care,
IPG Photonics,IPGP,Information Technology,Electronic Manufacturing Services
IQVIA,IQV,Health Care,Life Sciences Tools & Services
Iridium Communications,IRDM,Communication Services,
Iron Mountain,IRM,Real Estate,Other Specialized REITs
ITT Inc.,ITT,Industrials,Industrial Machinery & Supplies & Components
Jabil,JBL,Information Technology,Electronic Manufacturing Services
Jacobs Solutions,J,Industrials,Construction & Engineering
Janus Henderson,JHG,Financials,Asset Management & Custody Banks
Jazz Pharmaceuticals,JAZZ,Health Care,Pharmaceuticals
J. B. Hunt,JBHT,Industrials,Cargo Ground Transportation
Jefferies Financial Group,JEF,Financials,Multi-Sector Holdings
Johnson & Johnson,JNJ,Health Care,Pharmaceuticals
Johnson Controls,JCI,Industrials,Building Products
Jones Lang LaSalle,JLL,Real Estate,Real Estate Services
JPMorgan Chase,JPM,Financials,Diversified Banks
Juniper Networks,JNPR,Information Technology,Communications Equipment
"KBR, Inc.",KBR,Industrials,Diversified Support Services
Kellanova,K,Consumer Staples,Packaged Foods & Meats
Kemper Corporation,KMPR,Financials,Multi-line Insurance
Kenvue,KVUE,Consumer Staples,Personal Care Products
Keurig Dr Pepper,KDP,Consumer Staples,Soft Drinks & Non-alcoholic Beverages
Keycorp,KEY,Financials,Regional Banks
Keysight,KEYS,Information Technology,Electronic Equipment & Instruments
Kilroy Realty,KRC,Real Estate,
Kimberly-Clark,KMB,Consumer Staples,Household Products
Kimco Realty,KIM,Real Estate,Retail REITs
Kinder Morgan,KMI,Energy,Oil & Gas Storage & Transportation
Kinsale Capital Group,KNSL,Financials,
Kirby Corporation,KEX,Industrials,Marine
KKR,KKR,Financials,
KLA Corporation,KLAC,Information Technology,Semiconductor Materials & Equipment
Knight-Swift,KNX,Industrials,Cargo Ground Transportation
Kohl's,KSS,Consumer Discretionary,General Merchandise Stores
Kraft Heinz,KHC,Consumer Staples,Packaged Foods & Meats
Kroger,KR,Consumer Staples,Food Retail
Kyndryl,KD,Information Technology,IT Consulting & Other Services
L3Harris,LHX,Industrials,Aerospace & Defense
Labcorp,LH,Health Care,Health Care Services
Lam Research,LRCX,Information Technology,Semiconductor Materials & Equipment
Lamar Advertising,LAMR,Real Estate,Other Specialized REITs
Lamb Weston,LW,Consumer Staples,Packaged Foods & Meats
Landstar,LSTR,Industrials,Cargo Ground Transportation
Las Vegas Sands,LVS,Consumer Discretionary,Casinos & Gaming
Lattice Semiconductor,LSCC,Information Technology,Semiconductors
Lazard,LAZ,Financials,
Lear,LEA,Consumer Discretionary,Automotive Parts & Equipment
Leggett & Platt,LEG,Consumer Discretionary,Home Furnishings
Leidos,LDOS,Industrials,Diversified Support Services
Lennar (Class A),LEN,Consumer Discretionary,Homebuilding
Lennar (Class B),LEN.B,Consumer Discretionary,Homebuilding
Lennox International,LII,Industrials,Building Products
Liberty Broadband (Series A),LBRDA,Communication Services,
Liberty Broadband (Series C),LBRDK,Communication Services,
Liberty Global (Series A),LBTYA,Communication Services,Cable & Satellite
Liberty Global (Series C),LBTYK,Communication Services,Cable & Satellite
Liberty Formula 1 (Series A),FWONA,Communication Services,
Liberty Formula 1 (Series C),FWONK,Communication Services,
Liberty Live (Series A),LLYVA,Communication Services,
Liberty Live (Series C),LLYVK,Communication Services,
Liberty SiriusXM (Series A),LSXMA,Communication Services,
Liberty SiriusXM (Series C),LSXMK,Communication Services,
Light & Wonder,LNW,Consumer Discretionary,Casinos & Gaming
Lilly (Eli),LLY,Health Care,Pharmaceuticals
Lincoln Electric,LECO,Industrials,Industrial Machinery & Supplies & Components
Lincoln Financial,LNC,Financials,Multi-line Insurance
Linde,LIN,Materials,Industrial Gases
Lithia Motors,LAD,Consumer Discretionary,Automotive Retail
Littelfuse,LFUS,Information Technology,Electronic Components
Live Nation Entertainment,LYV,Communication Services,Movies & Entertainment
LKQ,LKQ,Consumer Discretionary,Distributors
Loar Holdings,LOAR,Industrials,Aerospace & Defense
Lockheed Martin,LMT,Industrials,Aerospace & Defense
Loews Corporation,L,Financials,Multi-line Insurance
Louisiana-Pacific,LPX,Materials,Forest Products
Lowe's,LOW,Consumer Discretionary,Home Improvement Retail
LPL Financial,LPLA,Financials,
Lucid Motors,LCID,Consumer Discretionary,Automobile Manufacturers
Lululemon,LULU,Consumer Discretionary,"Apparel, Accessories & Luxury Goods"
Lumentum,LITE,Information Technology,
Lyft,LYFT,Industrials,Passenger Ground Transportation
LyondellBasell,LYB,Materials,Specialty Chemicals
M&T Bank,MTB,Financials,Regional Banks
MACOM Technology Solutions,MTSI,Information Technology,Semiconductors
Macy's,M,Consumer Discretionary,Department Stores
Madison Square Garden Sports,MSGS,Communication Services,
Manhattan Associates,MANH,Information Technology,
ManpowerGroup,MAN,Industrials,Human Resource & Employment Services
Maplebear Inc.,CART,Consumer Staples,
Marathon Oil,MRO,Energy,Oil & Gas Exploration & Production
Marathon Petroleum,MPC,Energy,Oil & Gas Refining & Marketing
Markel,MKL,Financials,
MarketAxess,MKTX,Financials,Financial Exchanges & Data
Marriott International,MAR,Consumer Discretionary,"Hotels, Resorts & Cruise Lines"
Marriott Vacations Worldwide,VAC,Consumer Discretionary,"Hotels, Resorts & Cruise Lines"
Marsh McLennan,MMC,Financials,Insurance Brokers
Martin Marietta,MLM,Materials,Construction Materials
Marvell,MRVL,Information Technology,Semiconductors
Masco,MAS,Industrials,Building Products
Masimo,MASI,Health Care,Health Care Equipment
MasTec,MTZ,Industrials,Construction & Engineering
Mastercard,MA,Financials,Transaction & Payment Processing Services
Matador Resources,MTDR,Energy,Oil & Gas Exploration & Production
Match Group,MTCH,Communication Services,Interactive Media & Services
Mattel,MAT,Consumer Discretionary,Leisure Products
McCormick,MKC,Consumer Staples,Packaged Foods & Meats
McDonald's,MCD,Consumer Discretionary,Restaurants
McKesson Corporation,MCK,Health Care,Health Care Distributors
MDU Resources,MDU,Utilities,Multi-Utilities
Medical Properties Trust,MPW,Real Estate,Health Care REITs
Medpace,MEDP,Health Care,
Medtronic,MDT,Health Care,Health Care Equipment
Merck,MRK,Health Care,Pharmaceuticals
Meta,META,Communication Services,Interactive Media & Services
Metlife,MET,Financials,Life & Health Insurance
Mettler Toledo,MTD,Health Care,Life Sciences Tools & Services
MGIC,MTG,Financials,Reinsurance
MGM Resorts International,MGM,Consumer Discretionary,Casinos & Gaming
Microchip,MCHP,Information Technology,Semiconductors
Micron,MU,Information Technology,Semiconductors
Microsoft,MSFT,Information Technology,Systems Software
MicroStrategy,MSTR,Information Technology,Application Software
Mid-America Apartments,MAA,Real Estate,Residential REITs
Middleby,MIDD,Industrials,Industrial Machinery & Supplies & Components
MKS Instruments,MKSI,Information Technology,Semiconductor Materials & Equipment
Moderna,MRNA,Health Care,Biotechnology
Mohawk Industries,MHK,Consumer Discretionary,Home Furnishings
Molina Healthcare,MOH,Health Care,Managed Health Care
Molson Coors,TAP,Consumer Staples,Brewers
Mondelez International,MDLZ,Consumer Staples,Packaged Foods & Meats
MongoDB,MDB,Information Technology,
Monolithic Power Systems,MPWR,Information Technology,Semiconductors
Monster Beverage,MNST,Consumer Staples,Soft Drinks & Non-alcoholic Beverages
Moody's,MCO,Financials,Financial Exchanges & Data
Morgan Stanley,MS,Financials,Investment Banking & Brokerage
Morningstar,MORN,Financials,
Mosaic,MOS,Materials,Fertilizers & Agricultural Chemicals
Motorola Solutions,MSI,Information Technology,Communications Equipment
MP Materials,MP,Materials,Diversified Metals & Mining
MSA Safety,MSA,Industrials,Office Services & Supplies
MSC Industrial Direct,MSM,Industrials,Trading Companies & Distributors
MSCI,MSCI,Financials,Financial Exchanges & Data
Murphy USA,MUSA,Consumer Discretionary,
Nasdaq,NDAQ,Financials,Financial Exchanges & Data
Natera,NTRA,Health Care,
National Fuel,NFG,Utilities,Gas Utilities
National Storage Affiliates,NSA,Real Estate,
nCino,NCNO,Information Technology,
Netapp,NTAP,Information Technology,"Technology Hardware, Storage & Peripherals"
Netflix,NFLX,Communication Services,Movies & Entertainment
Neurocrine Biosciences,NBIX,Health Care,Biotechnology
New Fortress Energy,NFE,Energy,
New York Times Company,NYT,Communication Services,Publishing
Newell Brands,NWL,Consumer Discretionary,Housewares & Specialties
NewMarket,NEU,Materials,Specialty Chemicals
Newmont,NEM,Materials,Gold
News Corp (Class A),NWSA,Communication Services,Publishing
News Corp (Class B),NWS,Communication Services,Publishing
Nexstar,NXST,Communication Services,
NextEra Energy,NEE,Utilities,Multi-Utilities
Nike,NKE,Consumer Discretionary,"Apparel, Accessories & Luxury Goods"
NiSource,NI,Utilities,Multi-Utilities
NNN Reit,NNN,Real Estate,Retail REITs
Nordson,NDSN,Industrials,Industrial Machinery & Supplies & Components
Nordstrom,JWN,Consumer Discretionary,Department Stores
Norfolk Southern,NSC,Industrials,Rail Transportation
Northern Trust,NTRS,Financials,Asset Management & Custody Banks
Northrop Grumman,NOC,Industrials,Aerospace & Defense
Norwegian Cruise Line Holdings,NCLH,Consumer Discretionary,"Hotels, Resorts & Cruise Lines"
Nov,NOV,Energy,Oil & Gas Equipment & Services
NRG Energy,NRG,Utilities,Independent Power Producers & Energy Traders
Nubank,NU,Financials,
Nucor,NUE,Materials,Steel
Nutanix,NTNX,Information Technology,
Nvent Electric,NVT,Industrials,
Nvidia,NVDA,Information Technology,Semiconductors
NVR,NVR,Consumer Discretionary,Homebuilding
O'Reilly Auto Parts,ORLY,Consumer Discretionary,Automotive Retail
Occidental Petroleum,OXY,Energy,Oil & Gas Exploration & Production
OG&E,OGE,Utilities,Multi-Utilities
Okta,OKTA,Information Technology,Application Software
Old Dominion,ODFL,Industrials,Cargo Ground Transportation
Old Republic,ORI,Financials,Property & Casualty Insurance
Olin,OLN,Materials,Diversified Chemicals
Ollie's,OLLI,Consumer Discretionary,General Merchandise Stores
Omega Healthcare Investors,OHI,Real Estate,
Omnicom,OMC,Communication Services,Advertising
ON Semiconductor,ON,Information Technology,Semiconductors
OneMain Financial,OMF,Financials,
Oneok,OKE,Energy,Oil & Gas Storage & Transportation
Onto Innovation,ONTO,Information Technology,Semiconductor Materials & Equipment
Oracle,ORCL,Information Technology,Application Software
Organon,OGN,Health Care,Pharmaceuticals
Oshkosh,OSK,Industrials,Construction Machinery & Heavy Transportation Equipment
Otis,OTIS,Industrials,Industrial Machinery & Supplies & Components
Ovintiv,OVV,Energy,
Owens Corning,OC,Industrials,Building Products
Paccar,PCAR,Industrials,Construction Machinery & Heavy Transportation Equipment
Packaging Corporation of America,PKG,Materials,Paper & Plastic Packaging Products & Materials
Palantir,PLTR,Information Technology,
Palo Alto Networks,PANW,Information Technology,Systems Software
Paramount (Class A),PARAA,Communication Services,Movies & Entertainment
Paramount (Class B),PARA,Communication Services,Movies & Entertainment
Park Hotels & Resorts,PK,Real Estate,Hotel & Resort REITs
Parker Hannifin,PH,Industrials,Industrial Machinery & Supplies & Components
Parsons,PSN,Industrials,Aerospace & Defense
Paychex,PAYX,Industrials,Human Resource & Employment Services
Paycom,PAYC,Information Technology,Application Software
Paycor,PYCR,Information Technology,
Paylocity,PCTY,Information Technology,Application Software
PayPal,PYPL,Financials,Transaction & Payment Processing Services
Pegasystems,PEGA,Information Technology,
Penn Entertainment,PENN,Consumer Discretionary,Casinos & Gaming
Penske Automotive,PAG,Consumer Discretionary,
Pentair,PNR,Industrials,Industrial Machinery & Supplies & Components
Penumbra,PEN,Health Care,
PepsiCo,PEP,Consumer Staples,Soft Drinks & Non-alcoholic Beverages
Performance Food Group,PFGC,Consumer Staples,Food Distributors
Permian Resources,PR,Energy,Oil & Gas Exploration & Production
Perrigo,PRGO,Health Care,Pharmaceuticals
Pfizer,PFE,Health Care,Pharmaceuticals
PG&E,PCG,Utilities,
Philip Morris International,PM,Consumer Staples,Tobacco
Phillips 66,PSX,Energy,Oil & Gas Refining & Marketing
Pilgrim's Pride,PPC,Consumer Staples,Packaged Foods & Meats
Pinnacle Financial Partners,PNFP,Financials,Regional Banks
Pinnacle West,PNW,Utilities,Multi-Utilities
Pinterest,PINS,Communication Services,
Planet Fitness,PLNT,Consumer Discretionary,
Playtika,PLTK,Communication Services,
PNC Financial Services,PNC,Financials,Regional Banks
Polaris,PII,Consumer Discretionary,Leisure Products
Pool Corporation,POOL,Consumer Discretionary,Distributors
Popular,BPOP,Financials,
Post Holdings,POST,Consumer Staples,Packaged Foods & Meats
PPG Industries,PPG,Materials,Specialty Chemicals
PPL,PPL,Utilities,Electric Utilities
Premier,PINC,Health Care,
T. Rowe Price,TROW,Financials,Asset Management & Custody Banks
Primerica,PRI,Financials,Life & Health Insurance
Principal,PFG,Financials,Life & Health Insurance
Procore,PCOR,Information Technology,
Procter & Gamble,PG,Consumer Staples,Personal Care Products
Progressive,PGR,Financials,Property & Casualty Insurance
Prologis,PLD,Real Estate,Industrial REITs
Prosperity Bancshares,PB,Financials,Regional Banks
Prudential,PRU,Financials,Life & Health Insurance
PTC,PTC,Information Technology,Application Software
Public Storage,PSA,Real Estate,Self-Storage REITs
PSEG,PEG,Utilities,Electric Utilities
PulteGroup,PHM,Consumer Discretionary,Homebuilding
Pure Storage,PSTG,Information Technology,
PVH,PVH,Consumer Discretionary,"Apparel, Accessories & Luxury Goods"
Qiagen,QGEN,Health Care,
Qorvo,QRVO,Information Technology,Semiconductors
Qualcomm,QCOM,Information Technology,Semiconductors
Quanta,PWR,Industrials,Construction & Engineering
QuantumScape,QS,Consumer Discretionary,
Quest Diagnostics,DGX,Health Care,Health Care Services
QuidelOrtho,QDEL,Health Care,Health Care Supplies
R1 RCM,RCM,Health Care,
Ralph Lauren,RL,Consumer Discretionary,"Apparel, Accessories & Luxury Goods"
Range Resources,RRC,Energy,Oil & Gas Exploration & Production
Raymond James,RJF,Financials,Investment Banking & Brokerage
Rayonier,RYN,Real Estate,Timber REITs
RTX Corporation,RTX,Industrials,Aerospace & Defense
RBC Bearings,RBC,Industrials,
Realty Income,O,Real Estate,Retail REITs
Regal Rexnord,RRX,Industrials,Electrical Components & Equipment
Regency Centers,REG,Real Estate,Retail REITs
Regeneron,REGN,Health Care,Biotechnology
Regions,RF,Financials,Regional Banks
Reinsurance Group of America,RGA,Financials,Reinsurance
Reliance Steel,RS,Materials,Steel
RenaissanceRe,RNR,Financials,Reinsurance
Repligen,RGEN,Health Care,Biotechnology
Republic Services,RSG,Industrials,Environmental & Facilities Services
Resmed,RMD,Health Care,Health Care Equipment
Revvity,RVTY,Health Care,Health Care Equipment
Rexford Industrial,REXR,Real Estate,
Reynolds Consumer Products,REYN,Consumer Staples,
RH,RH,Consumer Discretionary,Homefurnishing Retail
RingCentral,RNG,Information Technology,
Ritchie Bros. Auctioneers,RBA,Industrials,
Rithm Capital,RITM,Financials,
Rivian,RIVN,Consumer Discretionary,
RLI Corp.,RLI,Financials,
Robert Half,RHI,Industrials,Human Resource & Employment Services
Robinhood,HOOD,Financials,
Roblox,RBLX,Communication Services,
Rocket Companies,RKT,Financials,
Rockwell Automation,ROK,Industrials,Electrical Components & Equipment
Roivant Sciences,ROIV,Health Care,
Roku,ROKU,Communication Services,
Rollins,ROL,Industrials,Environmental & Facilities Services
Roper,ROP,Industrials,Industrial Conglomerates
Ross,ROST,Consumer Discretionary,Apparel Retail
Royal Caribbean Cruises,RCL,Consumer Discretionary,"Hotels, Resorts & Cruise Lines"
Royal Gold,RGLD,Materials,Precious Metals & Minerals
Royalty Pharma,RPRX,Health Care,
RPM International,RPM,Materials,Specialty Chemicals
Ryan Specialty,RYAN,Financials,
Ryder,R,Industrials,Cargo Ground Transportation
S&P Global,SPGI,Financials,Financial Exchanges & Data
Saia,SAIA,Industrials,
SAIC,SAIC,Industrials,Diversified Support Services
Salesforce,CRM,Information Technology,Application Software
Sallie Mae,SLM,Financials,Consumer Finance
Sarepta Therapeutics,SRPT,Health Care,
SBA Communications,SBAC,Real Estate,Telecom Tower REITs
Henry Schein,HSIC,Health Care,Health Care Distributors
Schlumberger,SLB,Energy,Oil & Gas Equipment & Services
Schneider National,SNDR,Industrials,
Scotts Miracle-Gro Company,SMG,Materials,Fertilizers & Agricultural Chemicals
Seaboard,SEB,Consumer Staples,
Sealed Air,SEE,Materials,Paper & Plastic Packaging Products & Materials
Seaport Entertainment Group,SEG,Real Estate,
SEI Investments Company,SEIC,Financials,Asset Management & Custody Banks
Sempra,SRE,Utilities,Multi-Utilities
Sensata Technologies,ST,Industrials,
SentinelOne,S,Information Technology,
Service Corporation International,SCI,Consumer Discretionary,Specialized Consumer Services
ServiceNow,NOW,Information Technology,Systems Software
SharkNinja,SN,Consumer Discretionary,Household Appliances
Sherwin-Williams,SHW,Materials,Specialty Chemicals
Shift4,FOUR,Information Technology,
Silgan Holdings,SLGN,Materials,"Metal, Glass & Plastic Containers"
Simon Property Group,SPG,Real Estate,Retail REITs
Simpson Manufacturing Company,SSD,Industrials,Building Products
Sirius XM,SIRI,Communication Services,Broadcasting
SiteOne Landscape Supply,SITE,Industrials,
Skechers,SKX,Consumer Discretionary,Footwear
Skyworks,SWKS,Information Technology,Semiconductors
Smartsheet Inc.,SMAR,Information Technology,
J.M. Smucker Company (The),SJM,Consumer Staples,Packaged Foods & Meats
Smurfit Westrock,SW,Materials,Paper & Plastic Packaging Products & Materials
Snap-on,SNA,Industrials,Industrial Machinery & Supplies & Components
Snowflake Inc.,SNOW,Information Technology,
SoFi,SOFI,Financials,
Solventum,SOLV,Health Care,Health Care Equipment
Sonoco,SON,Materials,Paper & Plastic Packaging Products & Materials
Sotera Health,SHC,Health Care,
Southern Company,SO,Utilities,Electric Utilities
Southern Copper,SCCO,Materials,
Southwest Airlines,LUV,Industrials,Passenger Airlines
Southwestern Energy,SWN,Energy,Oil & Gas Exploration & Production
Spectrum Brands,SPB,Consumer Staples,
Spirit Aerosystems,SPR,Industrials,
Spotify,SPOT,Communication Services,Movies & Entertainment
SS&C Technologies,SSNC,Information Technology,
STAG Industrial,STAG,Real Estate,
Stanley Black & Decker,SWK,Industrials,Industrial Machinery & Supplies & Components
Starbucks,SBUX,Consumer Discretionary,Restaurants
Starwood Property Trust,STWD,Financials,
State Street,STT,Financials,Asset Management & Custody Banks
Steel Dynamics,STLD,Materials,Steel
Stericycle,SRCL,Industrials,Environmental & Facilities Services
Steris,STE,Health Care,Health Care Equipment
Stifel,SF,Financials,Investment Banking & Brokerage
Stryker,SYK,Health Care,Health Care Equipment
Sun Communities,SUI,Real Estate,
Supermicro,SMCI,Information Technology,"Technology Hardware, Storage & Peripherals"
Synchrony,SYF,Financials,Consumer Finance
Synopsys,SNPS,Information Technology,Application Software
Synovus,SNV,Financials,Regional Banks
Sysco,SYY,Consumer Staples,Food Distributors
T-Mobile US,TMUS,Communication Services,Wireless Telecommunication Services
Take-Two Interactive,TTWO,Communication Services,Interactive Home Entertainment
Tapestry,TPR,Consumer Discretionary,"Apparel, Accessories & Luxury Goods"
Targa Resources,TRGP,Energy,Oil & Gas Storage & Transportation
Target,TGT,Consumer Staples,Consumer Staples Merchandise Retail
TD Synnex,SNX,Information Technology,Technology Distributors
TechnipFMC,FTI,Energy,Oil & Gas Equipment & Services
Teledyne,TDY,Industrials,Aerospace & Defense
Teleflex,TFX,Health Care,Health Care Equipment
Tempur Sealy International,TPX,Consumer Discretionary,Home Furnishings
Tenet Health,THC,Health Care,Health Care Facilities
Teradata,TDC,Information Technology,IT Consulting & Other Services
Teradyne,TER,Information Technology,Semiconductor Materials & Equipment
Tesla,TSLA,Consumer Discretionary,Automobile Manufacturers
Tetra Tech,TTEK,Industrials,Environmental & Facilities Services
Texas Instruments,TXN,Information Technology,Semiconductors
Texas Pacific Land,TPL,Energy,
Texas Roadhouse,TXRH,Consumer Discretionary,
Textron,TXT,Industrials,Aerospace & Defense
Thermo Fisher Scientific,TMO,Health Care,Life Sciences Tools & Services
Third Federal S&L,TFSL,Financials,
Thor Industries,THO,Consumer Discretionary,Leisure Products
Timken,TKR,Industrials,Industrial Machinery & Supplies & Components
TJX Companies,TJX,Consumer Discretionary,Apparel Retail
TKO Group Holdings,TKO,Communication Services,Movies & Entertainment
Toast,TOST,Information Technology,Transaction & Payment Processing Services
Toll Brothers,TOL,Consumer Discretionary,Homebuilding
TopBuild,BLD,Consumer Discretionary,
Toro,TTC,Industrials,Agricultural & Farm Machinery
TPG Inc.,TPG,Financials,
Tractor Supply,TSCO,Consumer Discretionary,Other Specialty Retail
Trade Desk (The),TTD,Information Technology,
Tradeweb,TW,Financials,
Trane Technologies,TT,Industrials,Building Products
Transdigm,TDG,Industrials,Aerospace & Defense
TransUnion,TRU,Industrials,
Travel + Leisure,TNL,Consumer Discretionary,"Hotels, Resorts & Cruise Lines"
Travelers,TRV,Financials,Property & Casualty Insurance
Trex,TREX,Industrials,Building Products
Trimble,TRMB,Information Technology,Electronic Equipment & Instruments
Tripadvisor,TRIP,Communication Services,Interactive Media & Services
Truist,TFC,Financials,Regional Banks
Trump Media & Technology Group,DJT,Communication Services,Interactive Media & Services
Twilio,TWLO,Information Technology,
Tyler Technologies,TYL,Information Technology,Application Software
Tyson,TSN,Consumer Staples,Packaged Foods & Meats
U-Haul,UHAL,Industrials,
U-Haul (Series N),UHAL.B,Industrials,
U.S. Steel,X,Materials,Steel
Uber,UBER,Industrials,Passenger Ground Transportation
Ubiquiti,UI,Information Technology,
UDR,UDR,Real Estate,Residential REITs
UGI Corporation,UGI,Utilities,Gas Utilities
UiPath,PATH,Information Technology,
Ulta Beauty,ULTA,Consumer Discretionary,Other Specialty Retail
Ultragenyx,RARE,Health Care,
Under Armour (Class A),UAA,Consumer Discretionary,"Apparel, Accessories & Luxury Goods"
Under Armour (Class C),UA,Consumer Discretionary,"Apparel, Accessories & Luxury Goods"
Union Pacific,UNP,Industrials,Rail Transportation
United Airlines,UAL,Industrials,Passenger Airlines
United Parcel Service,UPS,Industrials,Air Freight & Logistics
United Rentals,URI,Industrials,Trading Companies & Distributors
United Therapeutics,UTHR,Health Care,Biotechnology
United Wholesale Mortgage,UWMC,Financials,
UnitedHealth Group,UNH,Health Care,Managed Health Care
Unity,U,Information Technology,
Universal Display,OLED,Information Technology,Semiconductors
Universal Health Services,UHS,Health Care,Health Care Facilities
Unum,UNM,Financials,Life & Health Insurance
US Bancorp,USB,Financials,Diversified Banks
US Foods,USFD,Consumer Staples,
Vail Resorts,MTN,Consumer Discretionary,
Valero,VLO,Energy,Oil & Gas Refining & Marketing
Valmont Industries,VMI,Industrials,Industrial Machinery & Supplies & Components
Valvoline,VVV,Materials,Commodity Chemicals
Veeva Systems,VEEV,Health Care,
Ventas,VTR,Real Estate,Health Care REITs
Veralto,VLTO,Industrials,
Verisign,VRSN,Information Technology,Internet Services & Infrastructure
Verisk,VRSK,Industrials,Research & Consulting Services
Verizon,VZ,Communication Services,Integrated Telecommunication Services
Vertex Pharmaceuticals,VRTX,Health Care,Biotechnology
Vertiv,VRT,Industrials,
Vestis,VSTS,Consumer Discretionary,
VF Corporation,VFC,Consumer Discretionary,"Apparel, Accessories & Luxury Goods"
Viatris,VTRS,Health Care,Pharmaceuticals
Vici Properties,VICI,Real Estate,Hotel & Resort REITs
Viking Therapeutics,VKTX,Health Care,Biotechnology
Viper Energy,VNOM,Energy,Oil & Gas Storage & Transportation
Virtu Financial,VIRT,Financials,
Visa,V,Financials,Transaction & Payment Processing Services
Vistra Corp.,VST,Utilities,
Vontier,VNT,Information Technology,Electronic Equipment & Instruments
Vornado Realty Trust,VNO,Real Estate,Office REITs
Voya Financial,VOYA,Financials,Multi-Sector Holdings
Vulcan Materials,VMC,Materials,Construction Materials
W. P. Carey,WPC,Real Estate,
W. R. Berkley Corporation,WRB,Financials,Property & Casualty Insurance
Wabtec,WAB,Industrials,Construction Machinery & Heavy Transportation Equipment
Walgreens Boots Alliance,WBA,Consumer Staples,Drug Retail
Walmart,WMT,Consumer Staples,Consumer Staples Merchandise Retail
Warner Bros. Discovery,WBD,Communication Services,Broadcasting
Waste Management,WM,Industrials,Environmental & Facilities Services
Waters,WAT,Health Care,Health Care Distributors
Watsco,WSO,Industrials,Trading Companies & Distributors
Wayfair,W,Consumer Discretionary,
Weatherford International,WFRD,Energy,Oil & Gas Equipment & Services
Webster Bank,WBS,Financials,Regional Banks
WEC Energy Group,WEC,Utilities,Electric Utilities
Wells Fargo,WFC,Financials,Diversified Banks
Welltower,WELL,Real Estate,Health Care REITs
Wendy's Company (The),WEN,Consumer Discretionary,Restaurants
Wesco,WCC,Industrials,
West Pharmaceutical Services,WST,Health Care,Health Care Supplies
Western Alliance Bancorp,WAL,Financials,
Western Digital,WDC,Information Technology,"Technology Hardware, Storage & Peripherals"
Western Union,WU,Information Technology,Data Processing & Outsourced Services
Westlake,WLK,Materials,
Wex,WEX,Financials,Transaction & Payment Processing Services
Weyerhaeuser,WY,Real Estate,Timber REITs
Whirlpool,WHR,Consumer Discretionary,Household Appliances
White Mountains,WTM,Financials,
Williams,WMB,Energy,Oil & Gas Storage & Transportation
Williams-Sonoma,WSM,Consumer Discretionary,Homefurnishing Retail
Willis Towers Watson,WTW,Financials,Insurance Brokers
WillScot Mobile Mini,WSC,Industrials,
Wingstop,WING,Consumer Discretionary,
Wintrust Financial,WTFC,Financials,Regional Banks
Wolfspeed,WOLF,Information Technology,Semiconductors
Woodward,WWD,Industrials,Electrical Components & Equipment
Workday,WDAY,Information Technology,Application Software
Wyndham Hotels & Resorts,WH,Consumer Discretionary,"Hotels, Resorts & Cruise Lines"
Wynn Resorts,WYNN,Consumer Discretionary,Casinos & Gaming
Xcel Energy,XEL,Utilities,Multi-Utilities
XP Inc.,XP,Financials,Investment Banking & Brokerage
XPO Logistics,XPO,Industrials,Cargo Ground Transportation
Xylem,XYL,Industrials,Industrial Machinery & Supplies & Components
Yeti,YETI,Consumer Discretionary,Leisure Products
Yum! Brands,YUM,Consumer Discretionary,Restaurants
Zebra,ZBRA,Information Technology,Electronic Equipment & Instruments
Zillow (Class A),ZG,Real Estate,
Zillow (Class C),Z,Real Estate,
Zimmer Biomet,ZBH,Health Care,Health Care Equipment
Zions Bancorporation,ZION,Financials,Regional Banks
Zoetis,ZTS,Health Care,Pharmaceuticals
Zoom,ZM,Information Technology,Application Software
ZoomInfo,ZI,Communication Services,
Zscaler,ZS,Information Technology,Application Software
